<application>
  <component name="AndroidLogcatFilterHistory">
    <option name="mostRecentlyUsed" value="testerua" />
    <option name="nonFavorites">
      <list>
        <option value="testerua" />
        <option value="teste" />
        <option value="package:mine " />
        <option value="testeObserve" />
        <option value="reponsede" />
        <option value="responsedestaque" />
        <option value="reponsedestaque" />
        <option value="itsworking" />
        <option value="destruido" />
        <option value="testeclick" />
        <option value="testandodaods" />
        <option value="categorias" />
        <option value="categoriasteste" />
        <option value="geodados" />
        <option value="funcionapf" />
        <option value="testenow" />
        <option value="reponseNow" />
      </list>
    </option>
  </component>
</application>