<application>
  <component name="SettingsSyncPlugins">
    <option name="plugins">
      <map>
        <entry key="Git4Idea">
          <value>
            <PluginData>
              <option name="enabled" value="false" />
            </PluginData>
          </value>
        </entry>
        <entry key="IdeaVIM">
          <value>
            <PluginData>
              <option name="dependencies">
                <set>
                  <option value="com.intellij.modules.platform" />
                </set>
              </option>
            </PluginData>
          </value>
        </entry>
        <entry key="Subversion">
          <value>
            <PluginData>
              <option name="dependencies">
                <set>
                  <option value="com.intellij.modules.vcs" />
                </set>
              </option>
              <option name="enabled" value="false" />
            </PluginData>
          </value>
        </entry>
        <entry key="com.android.tools.apk">
          <value>
            <PluginData>
              <option name="dependencies">
                <set>
                  <option value="com.android.tools.idea.smali" />
                  <option value="com.android.tools.ndk" />
                  <option value="org.jetbrains.android" />
                </set>
              </option>
              <option name="enabled" value="false" />
            </PluginData>
          </value>
        </entry>
        <entry key="com.android.tools.ndk">
          <value>
            <PluginData>
              <option name="dependencies">
                <set>
                  <option value="com.intellij.cidr.base" />
                  <option value="com.intellij.cidr.debugger" />
                  <option value="com.intellij.cidr.lang" />
                  <option value="com.intellij.cidr.lang.clangd" />
                  <option value="com.intellij.gradle" />
                  <option value="org.jetbrains.android" />
                  <option value="org.jetbrains.kotlin" />
                </set>
              </option>
              <option name="enabled" value="false" />
            </PluginData>
          </value>
        </entry>
        <entry key="com.google.gct">
          <value>
            <PluginData>
              <option name="dependencies">
                <set>
                  <option value="Git4Idea" />
                  <option value="com.google.gct.core" />
                  <option value="com.google.gct.login" />
                  <option value="com.intellij.gradle" />
                  <option value="org.intellij.groovy" />
                  <option value="org.jetbrains.android" />
                  <option value="org.jetbrains.kotlin" />
                  <option value="org.jetbrains.plugins.gradle" />
                </set>
              </option>
              <option name="enabled" value="false" />
            </PluginData>
          </value>
        </entry>
        <entry key="com.google.gct.core">
          <value>
            <PluginData>
              <option name="dependencies">
                <set>
                  <option value="Git4Idea" />
                  <option value="com.google.gct.login" />
                  <option value="com.intellij.modules.lang" />
                  <option value="com.intellij.modules.platform" />
                  <option value="com.intellij.modules.vcs" />
                  <option value="com.intellij.modules.xdebugger" />
                  <option value="com.intellij.modules.xml" />
                  <option value="org.jetbrains.plugins.gradle" />
                </set>
              </option>
              <option name="enabled" value="false" />
            </PluginData>
          </value>
        </entry>
        <entry key="com.google.gct.directaccess">
          <value>
            <PluginData>
              <option name="dependencies">
                <set>
                  <option value="com.google.gct.login" />
                  <option value="com.google.gct.testing" />
                  <option value="org.jetbrains.android" />
                </set>
              </option>
              <option name="enabled" value="false" />
            </PluginData>
          </value>
        </entry>
        <entry key="com.google.gct.testing">
          <value>
            <PluginData>
              <option name="dependencies">
                <set>
                  <option value="com.google.gct.core" />
                  <option value="com.google.gct.login" />
                  <option value="org.intellij.groovy" />
                  <option value="org.jetbrains.android" />
                </set>
              </option>
              <option name="enabled" value="false" />
            </PluginData>
          </value>
        </entry>
        <entry key="com.intellij.cidr.lang">
          <value>
            <PluginData>
              <option name="dependencies">
                <set>
                  <option value="com.intellij.cidr.base" />
                </set>
              </option>
              <option name="enabled" value="false" />
            </PluginData>
          </value>
        </entry>
        <entry key="com.intellij.cidr.lang.clangdBridge">
          <value>
            <PluginData>
              <option name="dependencies">
                <set>
                  <option value="com.intellij.cidr.lang" />
                  <option value="com.intellij.cidr.lang.clangd" />
                </set>
              </option>
              <option name="enabled" value="false" />
            </PluginData>
          </value>
        </entry>
        <entry key="com.jetbrains.changeReminder">
          <value>
            <PluginData>
              <option name="dependencies">
                <set>
                  <option value="Git4Idea" />
                  <option value="com.intellij.modules.vcs" />
                </set>
              </option>
              <option name="enabled" value="false" />
            </PluginData>
          </value>
        </entry>
        <entry key="com.jetbrains.idea.refactoring.detector">
          <value>
            <PluginData>
              <option name="dependencies">
                <set>
                  <option value="Git4Idea" />
                  <option value="com.intellij.modules.java" />
                  <option value="com.intellij.modules.lang" />
                  <option value="com.intellij.modules.platform" />
                  <option value="org.jetbrains.kotlin" />
                </set>
              </option>
              <option name="enabled" value="false" />
            </PluginData>
          </value>
        </entry>
        <entry key="com.jetbrains.sh">
          <value>
            <PluginData>
              <option name="enabled" value="false" />
            </PluginData>
          </value>
        </entry>
        <entry key="hg4idea">
          <value>
            <PluginData>
              <option name="dependencies">
                <set>
                  <option value="com.intellij.modules.vcs" />
                </set>
              </option>
              <option name="enabled" value="false" />
            </PluginData>
          </value>
        </entry>
        <entry key="org.intellij.plugins.markdown">
          <value>
            <PluginData>
              <option name="enabled" value="false" />
            </PluginData>
          </value>
        </entry>
        <entry key="org.jetbrains.plugins.github">
          <value>
            <PluginData>
              <option name="enabled" value="false" />
            </PluginData>
          </value>
        </entry>
        <entry key="org.jetbrains.plugins.yaml">
          <value>
            <PluginData>
              <option name="enabled" value="false" />
            </PluginData>
          </value>
        </entry>
        <entry key="wu.seal.tool.jsontokotlin">
          <value>
            <PluginData>
              <option name="dependencies">
                <set>
                  <option value="com.intellij.modules.lang" />
                </set>
              </option>
            </PluginData>
          </value>
        </entry>
      </map>
    </option>
  </component>
</application>